[{"message_id": "711bcf94-f196-43e5-a213-40fb6d2c6437", "conversation_id": "67e720ab-58b8-8007-a2ca-69e26c8b595e", "original_message_id": "f53c5bcb-d88c-4e13-ac0f-332a1db2f7b2", "new_message_id": "23aff860-0694-486c-aff1-47bd9b3bbec4", "rating": "original", "placement": "left", "ui_variant": 1, "evaluation_name": "gpt4o_lupo_prompts_v2_paid", "evaluation_treatment": "aa", "evaluation_type": "data_campaign", "message_metadatas": {"f53c5bcb-d88c-4e13-ac0f-332a1db2f7b2": {"load_first_token_time": null, "load_end_time": 1743201890938}, "23aff860-0694-486c-aff1-47bd9b3bbec4": {"load_first_token_time": null, "load_end_time": 1743201904084}}, "received_timestamp": 1743201910473, "source_timestamp": 1743201910473, "user_agent": "Mozilla/5.0 (Windows NT 10.0; Win64; x64; rv:136.0) Gecko/20100101 Firefox/136.0", "client_type": "desktop_web", "user_id": "user-n9HUQb3AmwEnnXQkzT7bwbB5", "product_surface": 1, "create_time": "2025-03-28T22:45:12.905481Z", "update_time": "2025-03-28T22:45:13.215474Z"}, {"message_id": "35b8a1d8-c2a6-44cf-9bc1-348feb26a076", "conversation_id": "67e86fe7-7e54-8007-8d85-0f1b4b3d4967", "original_message_id": "0992f880-5252-433f-aae1-83dc7cd6d4e4", "new_message_id": "472cc31b-ec73-4b86-81ab-8d111e775056", "rating": "new", "placement": "right", "ui_variant": 1, "evaluation_name": "sonic_lora_for_scallion_paid", "evaluation_treatment": "aa", "evaluation_type": "data_campaign", "message_metadatas": {"0992f880-5252-433f-aae1-83dc7cd6d4e4": {"load_first_token_time": 1743290982187, "load_end_time": 1743290987686}, "472cc31b-ec73-4b86-81ab-8d111e775056": {"load_first_token_time": 1743290982187, "load_end_time": 1743290990020}}, "received_timestamp": 1743291231820, "source_timestamp": 1743291231820, "user_agent": "Mozilla/5.0 (Windows NT 10.0; Win64; x64; rv:136.0) Gecko/20100101 Firefox/136.0", "client_type": "desktop_web", "user_id": "user-n9HUQb3AmwEnnXQkzT7bwbB5", "product_surface": 1, "create_time": "2025-03-29T23:33:55.491085Z", "update_time": "2025-03-29T23:33:55.625689Z"}, {"message_id": "120af6a1-0288-4e84-81ea-d10511ebae07", "conversation_id": "67e98e2c-bc38-8007-a8a6-e02424de57b7", "original_message_id": "b3e0e0d0-31a5-4cf0-b967-e909bea36877", "new_message_id": "9966db90-b86a-437a-a384-61d186b915d8", "rating": "skip", "placement": "right", "ui_variant": 1, "evaluation_name": "gpt4o_lupo_prompts_paid", "evaluation_treatment": "aa", "evaluation_type": "data_campaign", "message_metadatas": {"b3e0e0d0-31a5-4cf0-b967-e909bea36877": {"load_first_token_time": 1743369437810, "load_end_time": 1743369475610}, "9966db90-b86a-437a-a384-61d186b915d8": {"load_first_token_time": 1743369437810, "load_end_time": 1743369467000}}, "received_timestamp": 1743369507863, "source_timestamp": 1743369507863, "user_agent": "Mozilla/5.0 (Windows NT 10.0; Win64; x64; rv:136.0) Gecko/20100101 Firefox/136.0", "client_type": "desktop_web", "user_id": "user-n9HUQb3AmwEnnXQkzT7bwbB5", "product_surface": 1, "create_time": "2025-03-30T21:18:28.877880Z", "update_time": "2025-03-30T21:18:29.054451Z"}]