{
  "0": "T0-D000-S3",
  "1": "T0-D001-S3",
  "2": "T0-D002-S3",
  "3": "T0-D003-S3",
  "4": "T0-D004-S3",
  "5": "T0-D005-S3",
  "6": "T0-D006-S3",
  "7": "T0-D010-S3",
  "8": "T0-D011-S3",
  "9": "T0-D012-S3",
  "10": "T0-D013-S3",
  "11": "T0-D014-S3",
  "12": "T0-D015-S3",
  "13": "T0-D016-S3",
  "14": "T0-D020-S3",
  "15": "T0-D021-S3",
  "16": "T0-D022-S3",
  "17": "T0-D023-S3",
  "18": "T0-D024-S3",
  "19": "T0-D025-S3",
  "20": "T0-D026-S3",
  "21": "T0-D030-S3",
  "22": "T0-D031-S3",
  "23": "T0-D032-S3",
  "24": "T0-D033-S3",
  "25": "T0-D034-S3",
  "26": "T0-D035-S3",
  "27": "T0-D036-S3",
  "28": "T0-D040-S3",
  "29": "T0-D041-S3",
  "30": "T0-D042-S3",
  "31": "T0-D043-S3",
  "32": "T0-D044-S3",
  "33": "T0-D045-S3",
  "34": "T0-D046-S3",
  "35": "T0-D050-S3",
  "36": "T0-D051-S3",
  "37": "T0-D052-S3",
  "38": "T0-D053-S3",
  "39": "T0-D054-S3",
  "40": "T0-D055-S3",
  "41": "T0-D056-S3",
  "42": "T0-D060-S3",
  "43": "T0-D061-S3",
  "44": "T0-D062-S3",
  "45": "T0-D063-S3",
  "46": "T0-D064-S3",
  "47": "T0-D065-S3",
  "48": "T0-D066-S3",
  "49": "T0-D100-S3",
  "50": "T0-D101-S3",
  "51": "T0-D102-S3",
  "52": "T0-D103-S3",
  "53": "T0-D104-S3",
  "54": "T0-D105-S3",
  "55": "T0-D106-S3",
  "56": "T0-D110-S3",
  "57": "T0-D111-S2",
  "58": "T0-D112-S2",
  "59": "T0-D113-S2",
  "60": "T0-D114-S2",
  "61": "T0-D115-S2",
  "62": "T0-D116-S3",
  "63": "T0-D120-S3",
  "64": "T0-D121-S2",
  "65": "T0-D122-S2",
  "66": "T0-D123-S2",
  "67": "T0-D124-S2",
  "68": "T0-D125-S2",
  "69": "T0-D126-S3",
  "70": "T0-D130-S3",
  "71": "T0-D131-S2",
  "72": "T0-D132-S2",
  "73": "T0-D133-S2",
  "74": "T0-D134-S2",
  "75": "T0-D135-S2",
  "76": "T0-D136-S3",
  "77": "T0-D140-S3",
  "78": "T0-D141-S2",
  "79": "T0-D142-S2",
  "80": "T0-D143-S2",
  "81": "T0-D144-S2",
  "82": "T0-D145-S2",
  "83": "T0-D146-S3",
  "84": "T0-D150-S3",
  "85": "T0-D151-S2",
  "86": "T0-D152-S2",
  "87": "T0-D153-S2",
  "88": "T0-D154-S2",
  "89": "T0-D155-S2",
  "90": "T0-D156-S3",
  "91": "T0-D160-S3",
  "92": "T0-D161-S3",
  "93": "T0-D162-S3",
  "94": "T0-D163-S3",
  "95": "T0-D164-S3",
  "96": "T0-D165-S3",
  "97": "T0-D166-S3",
  "98": "T0-D200-S3",
  "99": "T0-D201-S3",
  "100": "T0-D202-S3",
  "101": "T0-D203-S3",
  "102": "T0-D204-S3",
  "103": "T0-D205-S3",
  "104": "T0-D206-S3",
  "105": "T0-D210-S3",
  "106": "T0-D211-S2",
  "107": "T0-D212-S2",
  "108": "T0-D213-S2",
  "109": "T0-D214-S2",
  "110": "T0-D215-S2",
  "111": "T0-D216-S3",
  "112": "T0-D220-S3",
  "113": "T0-D221-S2",
  "114": "T0-D222-S1",
  "115": "T0-D223-S1",
  "116": "T0-D224-S1",
  "117": "T0-D225-S2",
  "118": "T0-D226-S3",
  "119": "T0-D230-S3",
  "120": "T0-D231-S2",
  "121": "T0-D232-S1",
  "122": "T0-D233-S1",
  "123": "T0-D234-S1",
  "124": "T0-D235-S2",
  "125": "T0-D236-S3",
  "126": "T0-D240-S3",
  "127": "T0-D241-S2",
  "128": "T0-D242-S1",
  "129": "T0-D243-S1",
  "130": "T0-D244-S1",
  "131": "T0-D245-S2",
  "132": "T0-D246-S3",
  "133": "T0-D250-S3",
  "134": "T0-D251-S2",
  "135": "T0-D252-S2",
  "136": "T0-D253-S2",
  "137": "T0-D254-S2",
  "138": "T0-D255-S2",
  "139": "T0-D256-S3",
  "140": "T0-D260-S3",
  "141": "T0-D261-S3",
  "142": "T0-D262-S3",
  "143": "T0-D263-S3",
  "144": "T0-D264-S3",
  "145": "T0-D265-S3",
  "146": "T0-D266-S3",
  "147": "T0-D300-S3",
  "148": "T0-D301-S3",
  "149": "T0-D302-S3",
  "150": "T0-D303-S3",
  "151": "T0-D304-S3",
  "152": "T0-D305-S3",
  "153": "T0-D306-S3",
  "154": "T0-D310-S3",
  "155": "T0-D311-S2",
  "156": "T0-D312-S2",
  "157": "T0-D313-S2",
  "158": "T0-D314-S2",
  "159": "T0-D315-S2",
  "160": "T0-D316-S3",
  "161": "T0-D320-S3",
  "162": "T0-D321-S2",
  "163": "T0-D322-S1",
  "164": "T0-D323-S1",
  "165": "T0-D324-S1",
  "166": "T0-D325-S2",
  "167": "T0-D326-S3",
  "168": "T0-D330-S3",
  "169": "T0-D331-S2",
  "170": "T0-D332-S1",
  "171": "T0-D333-S0",
  "172": "T0-D334-S1",
  "173": "T0-D335-S2",
  "174": "T0-D336-S3",
  "175": "T0-D340-S3",
  "176": "T0-D341-S2",
  "177": "T0-D342-S1",
  "178": "T0-D343-S1",
  "179": "T0-D344-S1",
  "180": "T0-D345-S2",
  "181": "T0-D346-S3",
  "182": "T0-D350-S3",
  "183": "T0-D351-S2",
  "184": "T0-D352-S2",
  "185": "T0-D353-S2",
  "186": "T0-D354-S2",
  "187": "T0-D355-S2",
  "188": "T0-D356-S3",
  "189": "T0-D360-S3",
  "190": "T0-D361-S3",
  "191": "T0-D362-S3",
  "192": "T0-D363-S3",
  "193": "T0-D364-S3",
  "194": "T0-D365-S3",
  "195": "T0-D366-S3",
  "196": "T0-D400-S3",
  "197": "T0-D401-S3",
  "198": "T0-D402-S3",
  "199": "T0-D403-S3",
  "200": "T0-D404-S3",
  "201": "T0-D405-S3",
  "202": "T0-D406-S3",
  "203": "T0-D410-S3",
  "204": "T0-D411-S2",
  "205": "T0-D412-S2",
  "206": "T0-D413-S2",
  "207": "T0-D414-S2",
  "208": "T0-D415-S2",
  "209": "T0-D416-S3",
  "210": "T0-D420-S3",
  "211": "T0-D421-S2",
  "212": "T0-D422-S1",
  "213": "T0-D423-S1",
  "214": "T0-D424-S1",
  "215": "T0-D425-S2",
  "216": "T0-D426-S3",
  "217": "T0-D430-S3",
  "218": "T0-D431-S2",
  "219": "T0-D432-S1",
  "220": "T0-D433-S1",
  "221": "T0-D434-S1",
  "222": "T0-D435-S2",
  "223": "T0-D436-S3",
  "224": "T0-D440-S3",
  "225": "T0-D441-S2",
  "226": "T0-D442-S1",
  "227": "T0-D443-S1",
  "228": "T0-D444-S1",
  "229": "T0-D445-S2",
  "230": "T0-D446-S3",
  "231": "T0-D450-S3",
  "232": "T0-D451-S2",
  "233": "T0-D452-S2",
  "234": "T0-D453-S2",
  "235": "T0-D454-S2",
  "236": "T0-D455-S2",
  "237": "T0-D456-S3",
  "238": "T0-D460-S3",
  "239": "T0-D461-S3",
  "240": "T0-D462-S3",
  "241": "T0-D463-S3",
  "242": "T0-D464-S3",
  "243": "T0-D465-S3",
  "244": "T0-D466-S3",
  "245": "T0-D500-S3",
  "246": "T0-D501-S3",
  "247": "T0-D502-S3",
  "248": "T0-D503-S3",
  "249": "T0-D504-S3",
  "250": "T0-D505-S3",
  "251": "T0-D506-S3",
  "252": "T0-D510-S3",
  "253": "T0-D511-S2",
  "254": "T0-D512-S2",
  "255": "T0-D513-S2",
  "256": "T0-D514-S2",
  "257": "T0-D515-S2",
  "258": "T0-D516-S3",
  "259": "T0-D520-S3",
  "260": "T0-D521-S2",
  "261": "T0-D522-S2",
  "262": "T0-D523-S2",
  "263": "T0-D524-S2",
  "264": "T0-D525-S2",
  "265": "T0-D526-S3",
  "266": "T0-D530-S3",
  "267": "T0-D531-S2",
  "268": "T0-D532-S2",
  "269": "T0-D533-S2",
  "270": "T0-D534-S2",
  "271": "T0-D535-S2",
  "272": "T0-D536-S3",
  "273": "T0-D540-S3",
  "274": "T0-D541-S2",
  "275": "T0-D542-S2",
  "276": "T0-D543-S2",
  "277": "T0-D544-S2",
  "278": "T0-D545-S2",
  "279": "T0-D546-S3",
  "280": "T0-D550-S3",
  "281": "T0-D551-S2",
  "282": "T0-D552-S2",
  "283": "T0-D553-S2",
  "284": "T0-D554-S2",
  "285": "T0-D555-S2",
  "286": "T0-D556-S3",
  "287": "T0-D560-S3",
  "288": "T0-D561-S3",
  "289": "T0-D562-S3",
  "290": "T0-D563-S3",
  "291": "T0-D564-S3",
  "292": "T0-D565-S3",
  "293": "T0-D566-S3",
  "294": "T0-D600-S3",
  "295": "T0-D601-S3",
  "296": "T0-D602-S3",
  "297": "T0-D603-S3",
  "298": "T0-D604-S3",
  "299": "T0-D605-S3",
  "300": "T0-D606-S3",
  "301": "T0-D610-S3",
  "302": "T0-D611-S3",
  "303": "T0-D612-S3",
  "304": "T0-D613-S3",
  "305": "T0-D614-S3",
  "306": "T0-D615-S3",
  "307": "T0-D616-S3",
  "308": "T0-D620-S3",
  "309": "T0-D621-S3",
  "310": "T0-D622-S3",
  "311": "T0-D623-S3",
  "312": "T0-D624-S3",
  "313": "T0-D625-S3",
  "314": "T0-D626-S3",
  "315": "T0-D630-S3",
  "316": "T0-D631-S3",
  "317": "T0-D632-S3",
  "318": "T0-D633-S3",
  "319": "T0-D634-S3",
  "320": "T0-D635-S3",
  "321": "T0-D636-S3",
  "322": "T0-D640-S3",
  "323": "T0-D641-S3",
  "324": "T0-D642-S3",
  "325": "T0-D643-S3",
  "326": "T0-D644-S3",
  "327": "T0-D645-S3",
  "328": "T0-D646-S3",
  "329": "T0-D650-S3",
  "330": "T0-D651-S3",
  "331": "T0-D652-S3",
  "332": "T0-D653-S3",
  "333": "T0-D654-S3",
  "334": "T0-D655-S3",
  "335": "T0-D656-S3",
  "336": "T0-D660-S3",
  "337": "T0-D661-S3",
  "338": "T0-D662-S3",
  "339": "T0-D663-S3",
  "340": "T0-D664-S3",
  "341": "T0-D665-S3",
  "342": "T0-D666-S3",
  "343": "T1-D000-S3",
  "344": "T1-D001-S3",
  "345": "T1-D002-S3",
  "346": "T1-D003-S3",
  "347": "T1-D004-S3",
  "348": "T1-D005-S3",
  "349": "T1-D006-S3",
  "350": "T1-D010-S3",
  "351": "T1-D011-S3",
  "352": "T1-D012-S3",
  "353": "T1-D013-S3",
  "354": "T1-D014-S3",
  "355": "T1-D015-S3",
  "356": "T1-D016-S3",
  "357": "T1-D020-S3",
  "358": "T1-D021-S3",
  "359": "T1-D022-S3",
  "360": "T1-D023-S3",
  "361": "T1-D024-S3",
  "362": "T1-D025-S3",
  "363": "T1-D026-S3",
  "364": "T1-D030-S3",
  "365": "T1-D031-S3",
  "366": "T1-D032-S3",
  "367": "T1-D033-S3",
  "368": "T1-D034-S3",
  "369": "T1-D035-S3",
  "370": "T1-D036-S3",
  "371": "T1-D040-S3",
  "372": "T1-D041-S3",
  "373": "T1-D042-S3",
  "374": "T1-D043-S3",
  "375": "T1-D044-S3",
  "376": "T1-D045-S3",
  "377": "T1-D046-S3",
  "378": "T1-D050-S3",
  "379": "T1-D051-S3",
  "380": "T1-D052-S3",
  "381": "T1-D053-S3",
  "382": "T1-D054-S3",
  "383": "T1-D055-S3",
  "384": "T1-D056-S3",
  "385": "T1-D060-S3",
  "386": "T1-D061-S3",
  "387": "T1-D062-S3",
  "388": "T1-D063-S3",
  "389": "T1-D064-S3",
  "390": "T1-D065-S3",
  "391": "T1-D066-S3",
  "392": "T1-D100-S3",
  "393": "T1-D101-S3",
  "394": "T1-D102-S3",
  "395": "T1-D103-S3",
  "396": "T1-D104-S3",
  "397": "T1-D105-S3",
  "398": "T1-D106-S3",
  "399": "T1-D110-S3",
  "400": "T1-D111-S2",
  "401": "T1-D112-S2",
  "402": "T1-D113-S2",
  "403": "T1-D114-S2",
  "404": "T1-D115-S2",
  "405": "T1-D116-S3",
  "406": "T1-D120-S3",
  "407": "T1-D121-S2",
  "408": "T1-D122-S2",
  "409": "T1-D123-S2",
  "410": "T1-D124-S2",
  "411": "T1-D125-S2",
  "412": "T1-D126-S3",
  "413": "T1-D130-S3",
  "414": "T1-D131-S2",
  "415": "T1-D132-S2",
  "416": "T1-D133-S2",
  "417": "T1-D134-S2",
  "418": "T1-D135-S2",
  "419": "T1-D136-S3",
  "420": "T1-D140-S3",
  "421": "T1-D141-S2",
  "422": "T1-D142-S2",
  "423": "T1-D143-S2",
  "424": "T1-D144-S2",
  "425": "T1-D145-S2",
  "426": "T1-D146-S3",
  "427": "T1-D150-S3",
  "428": "T1-D151-S2",
  "429": "T1-D152-S2",
  "430": "T1-D153-S2",
  "431": "T1-D154-S2",
  "432": "T1-D155-S2",
  "433": "T1-D156-S3",
  "434": "T1-D160-S3",
  "435": "T1-D161-S3",
  "436": "T1-D162-S3",
  "437": "T1-D163-S3",
  "438": "T1-D164-S3",
  "439": "T1-D165-S3",
  "440": "T1-D166-S3",
  "441": "T1-D200-S3",
  "442": "T1-D201-S3",
  "443": "T1-D202-S3",
  "444": "T1-D203-S3",
  "445": "T1-D204-S3",
  "446": "T1-D205-S3",
  "447": "T1-D206-S3",
  "448": "T1-D210-S3",
  "449": "T1-D211-S2",
  "450": "T1-D212-S2",
  "451": "T1-D213-S2",
  "452": "T1-D214-S2",
  "453": "T1-D215-S2",
  "454": "T1-D216-S3",
  "455": "T1-D220-S3",
  "456": "T1-D221-S2",
  "457": "T1-D222-S1",
  "458": "T1-D223-S1",
  "459": "T1-D224-S1",
  "460": "T1-D225-S2",
  "461": "T1-D226-S3",
  "462": "T1-D230-S3",
  "463": "T1-D231-S2",
  "464": "T1-D232-S1",
  "465": "T1-D233-S1",
  "466": "T1-D234-S1",
  "467": "T1-D235-S2",
  "468": "T1-D236-S3",
  "469": "T1-D240-S3",
  "470": "T1-D241-S2",
  "471": "T1-D242-S1",
  "472": "T1-D243-S1",
  "473": "T1-D244-S1",
  "474": "T1-D245-S2",
  "475": "T1-D246-S3",
  "476": "T1-D250-S3",
  "477": "T1-D251-S2",
  "478": "T1-D252-S2",
  "479": "T1-D253-S2",
  "480": "T1-D254-S2",
  "481": "T1-D255-S2",
  "482": "T1-D256-S3",
  "483": "T1-D260-S3",
  "484": "T1-D261-S3",
  "485": "T1-D262-S3",
  "486": "T1-D263-S3",
  "487": "T1-D264-S3",
  "488": "T1-D265-S3",
  "489": "T1-D266-S3",
  "490": "T1-D300-S3",
  "491": "T1-D301-S3",
  "492": "T1-D302-S3",
  "493": "T1-D303-S3",
  "494": "T1-D304-S3",
  "495": "T1-D305-S3",
  "496": "T1-D306-S3",
  "497": "T1-D310-S3",
  "498": "T1-D311-S2",
  "499": "T1-D312-S2",
  "500": "T1-D313-S2",
  "501": "T1-D314-S2",
  "502": "T1-D315-S2",
  "503": "T1-D316-S3",
  "504": "T1-D320-S3",
  "505": "T1-D321-S2",
  "506": "T1-D322-S1",
  "507": "T1-D323-S1",
  "508": "T1-D324-S1",
  "509": "T1-D325-S2",
  "510": "T1-D326-S3",
  "511": "T1-D330-S3",
  "512": "T1-D331-S2",
  "513": "T1-D332-S1",
  "514": "T1-D333-S0",
  "515": "T1-D334-S1",
  "516": "T1-D335-S2",
  "517": "T1-D336-S3",
  "518": "T1-D340-S3",
  "519": "T1-D341-S2",
  "520": "T1-D342-S1",
  "521": "T1-D343-S1",
  "522": "T1-D344-S1",
  "523": "T1-D345-S2",
  "524": "T1-D346-S3",
  "525": "T1-D350-S3",
  "526": "T1-D351-S2",
  "527": "T1-D352-S2",
  "528": "T1-D353-S2",
  "529": "T1-D354-S2",
  "530": "T1-D355-S2",
  "531": "T1-D356-S3",
  "532": "T1-D360-S3",
  "533": "T1-D361-S3",
  "534": "T1-D362-S3",
  "535": "T1-D363-S3",
  "536": "T1-D364-S3",
  "537": "T1-D365-S3",
  "538": "T1-D366-S3",
  "539": "T1-D400-S3",
  "540": "T1-D401-S3",
  "541": "T1-D402-S3",
  "542": "T1-D403-S3",
  "543": "T1-D404-S3",
  "544": "T1-D405-S3",
  "545": "T1-D406-S3",
  "546": "T1-D410-S3",
  "547": "T1-D411-S2",
  "548": "T1-D412-S2",
  "549": "T1-D413-S2",
  "550": "T1-D414-S2",
  "551": "T1-D415-S2",
  "552": "T1-D416-S3",
  "553": "T1-D420-S3",
  "554": "T1-D421-S2",
  "555": "T1-D422-S1",
  "556": "T1-D423-S1",
  "557": "T1-D424-S1",
  "558": "T1-D425-S2",
  "559": "T1-D426-S3",
  "560": "T1-D430-S3",
  "561": "T1-D431-S2",
  "562": "T1-D432-S1",
  "563": "T1-D433-S1",
  "564": "T1-D434-S1",
  "565": "T1-D435-S2",
  "566": "T1-D436-S3",
  "567": "T1-D440-S3",
  "568": "T1-D441-S2",
  "569": "T1-D442-S1",
  "570": "T1-D443-S1",
  "571": "T1-D444-S1",
  "572": "T1-D445-S2",
  "573": "T1-D446-S3",
  "574": "T1-D450-S3",
  "575": "T1-D451-S2",
  "576": "T1-D452-S2",
  "577": "T1-D453-S2",
  "578": "T1-D454-S2",
  "579": "T1-D455-S2",
  "580": "T1-D456-S3",
  "581": "T1-D460-S3",
  "582": "T1-D461-S3",
  "583": "T1-D462-S3",
  "584": "T1-D463-S3",
  "585": "T1-D464-S3",
  "586": "T1-D465-S3",
  "587": "T1-D466-S3",
  "588": "T1-D500-S3",
  "589": "T1-D501-S3",
  "590": "T1-D502-S3",
  "591": "T1-D503-S3",
  "592": "T1-D504-S3",
  "593": "T1-D505-S3",
  "594": "T1-D506-S3",
  "595": "T1-D510-S3",
  "596": "T1-D511-S2",
  "597": "T1-D512-S2",
  "598": "T1-D513-S2",
  "599": "T1-D514-S2",
  "600": "T1-D515-S2",
  "601": "T1-D516-S3",
  "602": "T1-D520-S3",
  "603": "T1-D521-S2",
  "604": "T1-D522-S2",
  "605": "T1-D523-S2",
  "606": "T1-D524-S2",
  "607": "T1-D525-S2",
  "608": "T1-D526-S3",
  "609": "T1-D530-S3",
  "610": "T1-D531-S2",
  "611": "T1-D532-S2",
  "612": "T1-D533-S2",
  "613": "T1-D534-S2",
  "614": "T1-D535-S2",
  "615": "T1-D536-S3",
  "616": "T1-D540-S3",
  "617": "T1-D541-S2",
  "618": "T1-D542-S2",
  "619": "T1-D543-S2",
  "620": "T1-D544-S2",
  "621": "T1-D545-S2",
  "622": "T1-D546-S3",
  "623": "T1-D550-S3",
  "624": "T1-D551-S2",
  "625": "T1-D552-S2",
  "626": "T1-D553-S2",
  "627": "T1-D554-S2",
  "628": "T1-D555-S2",
  "629": "T1-D556-S3",
  "630": "T1-D560-S3",
  "631": "T1-D561-S3",
  "632": "T1-D562-S3",
  "633": "T1-D563-S3",
  "634": "T1-D564-S3",
  "635": "T1-D565-S3",
  "636": "T1-D566-S3",
  "637": "T1-D600-S3",
  "638": "T1-D601-S3",
  "639": "T1-D602-S3",
  "640": "T1-D603-S3",
  "641": "T1-D604-S3",
  "642": "T1-D605-S3",
  "643": "T1-D606-S3",
  "644": "T1-D610-S3",
  "645": "T1-D611-S3",
  "646": "T1-D612-S3",
  "647": "T1-D613-S3",
  "648": "T1-D614-S3",
  "649": "T1-D615-S3",
  "650": "T1-D616-S3",
  "651": "T1-D620-S3",
  "652": "T1-D621-S3",
  "653": "T1-D622-S3",
  "654": "T1-D623-S3",
  "655": "T1-D624-S3",
  "656": "T1-D625-S3",
  "657": "T1-D626-S3",
  "658": "T1-D630-S3",
  "659": "T1-D631-S3",
  "660": "T1-D632-S3",
  "661": "T1-D633-S3",
  "662": "T1-D634-S3",
  "663": "T1-D635-S3",
  "664": "T1-D636-S3",
  "665": "T1-D640-S3",
  "666": "T1-D641-S3",
  "667": "T1-D642-S3",
  "668": "T1-D643-S3",
  "669": "T1-D644-S3",
  "670": "T1-D645-S3",
  "671": "T1-D646-S3",
  "672": "T1-D650-S3",
  "673": "T1-D651-S3",
  "674": "T1-D652-S3",
  "675": "T1-D653-S3",
  "676": "T1-D654-S3",
  "677": "T1-D655-S3",
  "678": "T1-D656-S3",
  "679": "T1-D660-S3",
  "680": "T1-D661-S3",
  "681": "T1-D662-S3",
  "682": "T1-D663-S3",
  "683": "T1-D664-S3",
  "684": "T1-D665-S3",
  "685": "T1-D666-S3",
  "686": "T2-D000-S3",
  "687": "T2-D001-S3",
  "688": "T2-D002-S3",
  "689": "T2-D003-S3",
  "690": "T2-D004-S3",
  "691": "T2-D005-S3",
  "692": "T2-D006-S3",
  "693": "T2-D010-S3",
  "694": "T2-D011-S3",
  "695": "T2-D012-S3",
  "696": "T2-D013-S3",
  "697": "T2-D014-S3",
  "698": "T2-D015-S3",
  "699": "T2-D016-S3",
  "700": "T2-D020-S3",
  "701": "T2-D021-S3",
  "702": "T2-D022-S3",
  "703": "T2-D023-S3",
  "704": "T2-D024-S3",
  "705": "T2-D025-S3",
  "706": "T2-D026-S3",
  "707": "T2-D030-S3",
  "708": "T2-D031-S3",
  "709": "T2-D032-S3",
  "710": "T2-D033-S3",
  "711": "T2-D034-S3",
  "712": "T2-D035-S3",
  "713": "T2-D036-S3",
  "714": "T2-D040-S3",
  "715": "T2-D041-S3",
  "716": "T2-D042-S3",
  "717": "T2-D043-S3",
  "718": "T2-D044-S3",
  "719": "T2-D045-S3",
  "720": "T2-D046-S3",
  "721": "T2-D050-S3",
  "722": "T2-D051-S3",
  "723": "T2-D052-S3",
  "724": "T2-D053-S3",
  "725": "T2-D054-S3",
  "726": "T2-D055-S3",
  "727": "T2-D056-S3",
  "728": "T2-D060-S3",
  "729": "T2-D061-S3",
  "730": "T2-D062-S3",
  "731": "T2-D063-S3",
  "732": "T2-D064-S3",
  "733": "T2-D065-S3",
  "734": "T2-D066-S3",
  "735": "T2-D100-S3",
  "736": "T2-D101-S3",
  "737": "T2-D102-S3",
  "738": "T2-D103-S3",
  "739": "T2-D104-S3",
  "740": "T2-D105-S3",
  "741": "T2-D106-S3",
  "742": "T2-D110-S3",
  "743": "T2-D111-S2",
  "744": "T2-D112-S2",
  "745": "T2-D113-S2",
  "746": "T2-D114-S2",
  "747": "T2-D115-S2",
  "748": "T2-D116-S3",
  "749": "T2-D120-S3",
  "750": "T2-D121-S2",
  "751": "T2-D122-S2",
  "752": "T2-D123-S2",
  "753": "T2-D124-S2",
  "754": "T2-D125-S2",
  "755": "T2-D126-S3",
  "756": "T2-D130-S3",
  "757": "T2-D131-S2",
  "758": "T2-D132-S2",
  "759": "T2-D133-S2",
  "760": "T2-D134-S2",
  "761": "T2-D135-S2",
  "762": "T2-D136-S3",
  "763": "T2-D140-S3",
  "764": "T2-D141-S2",
  "765": "T2-D142-S2",
  "766": "T2-D143-S2",
  "767": "T2-D144-S2",
  "768": "T2-D145-S2",
  "769": "T2-D146-S3",
  "770": "T2-D150-S3",
  "771": "T2-D151-S2",
  "772": "T2-D152-S2",
  "773": "T2-D153-S2",
  "774": "T2-D154-S2",
  "775": "T2-D155-S2",
  "776": "T2-D156-S3",
  "777": "T2-D160-S3",
  "778": "T2-D161-S3",
  "779": "T2-D162-S3",
  "780": "T2-D163-S3",
  "781": "T2-D164-S3",
  "782": "T2-D165-S3",
  "783": "T2-D166-S3",
  "784": "T2-D200-S3",
  "785": "T2-D201-S3",
  "786": "T2-D202-S3",
  "787": "T2-D203-S3",
  "788": "T2-D204-S3",
  "789": "T2-D205-S3",
  "790": "T2-D206-S3",
  "791": "T2-D210-S3",
  "792": "T2-D211-S2",
  "793": "T2-D212-S2",
  "794": "T2-D213-S2",
  "795": "T2-D214-S2",
  "796": "T2-D215-S2",
  "797": "T2-D216-S3",
  "798": "T2-D220-S3",
  "799": "T2-D221-S2",
  "800": "T2-D222-S1",
  "801": "T2-D223-S1",
  "802": "T2-D224-S1",
  "803": "T2-D225-S2",
  "804": "T2-D226-S3",
  "805": "T2-D230-S3",
  "806": "T2-D231-S2",
  "807": "T2-D232-S1",
  "808": "T2-D233-S1",
  "809": "T2-D234-S1",
  "810": "T2-D235-S2",
  "811": "T2-D236-S3",
  "812": "T2-D240-S3",
  "813": "T2-D241-S2",
  "814": "T2-D242-S1",
  "815": "T2-D243-S1",
  "816": "T2-D244-S1",
  "817": "T2-D245-S2",
  "818": "T2-D246-S3",
  "819": "T2-D250-S3",
  "820": "T2-D251-S2",
  "821": "T2-D252-S2",
  "822": "T2-D253-S2",
  "823": "T2-D254-S2",
  "824": "T2-D255-S2",
  "825": "T2-D256-S3",
  "826": "T2-D260-S3",
  "827": "T2-D261-S3",
  "828": "T2-D262-S3",
  "829": "T2-D263-S3",
  "830": "T2-D264-S3",
  "831": "T2-D265-S3",
  "832": "T2-D266-S3",
  "833": "T2-D300-S3",
  "834": "T2-D301-S3",
  "835": "T2-D302-S3",
  "836": "T2-D303-S3",
  "837": "T2-D304-S3",
  "838": "T2-D305-S3",
  "839": "T2-D306-S3",
  "840": "T2-D310-S3",
  "841": "T2-D311-S2",
  "842": "T2-D312-S2",
  "843": "T2-D313-S2",
  "844": "T2-D314-S2",
  "845": "T2-D315-S2",
  "846": "T2-D316-S3",
  "847": "T2-D320-S3",
  "848": "T2-D321-S2",
  "849": "T2-D322-S1",
  "850": "T2-D323-S1",
  "851": "T2-D324-S1",
  "852": "T2-D325-S2",
  "853": "T2-D326-S3",
  "854": "T2-D330-S3",
  "855": "T2-D331-S2",
  "856": "T2-D332-S1",
  "857": "T2-D333-S0",
  "858": "T2-D334-S1",
  "859": "T2-D335-S2",
  "860": "T2-D336-S3",
  "861": "T2-D340-S3",
  "862": "T2-D341-S2",
  "863": "T2-D342-S1",
  "864": "T2-D343-S1",
  "865": "T2-D344-S1",
  "866": "T2-D345-S2",
  "867": "T2-D346-S3",
  "868": "T2-D350-S3",
  "869": "T2-D351-S2",
  "870": "T2-D352-S2",
  "871": "T2-D353-S2",
  "872": "T2-D354-S2",
  "873": "T2-D355-S2",
  "874": "T2-D356-S3",
  "875": "T2-D360-S3",
  "876": "T2-D361-S3",
  "877": "T2-D362-S3",
  "878": "T2-D363-S3",
  "879": "T2-D364-S3",
  "880": "T2-D365-S3",
  "881": "T2-D366-S3",
  "882": "T2-D400-S3",
  "883": "T2-D401-S3",
  "884": "T2-D402-S3",
  "885": "T2-D403-S3",
  "886": "T2-D404-S3",
  "887": "T2-D405-S3",
  "888": "T2-D406-S3",
  "889": "T2-D410-S3",
  "890": "T2-D411-S2",
  "891": "T2-D412-S2",
  "892": "T2-D413-S2",
  "893": "T2-D414-S2",
  "894": "T2-D415-S2",
  "895": "T2-D416-S3",
  "896": "T2-D420-S3",
  "897": "T2-D421-S2",
  "898": "T2-D422-S1",
  "899": "T2-D423-S1",
  "900": "T2-D424-S1",
  "901": "T2-D425-S2",
  "902": "T2-D426-S3",
  "903": "T2-D430-S3",
  "904": "T2-D431-S2",
  "905": "T2-D432-S1",
  "906": "T2-D433-S1",
  "907": "T2-D434-S1",
  "908": "T2-D435-S2",
  "909": "T2-D436-S3",
  "910": "T2-D440-S3",
  "911": "T2-D441-S2",
  "912": "T2-D442-S1",
  "913": "T2-D443-S1",
  "914": "T2-D444-S1",
  "915": "T2-D445-S2",
  "916": "T2-D446-S3",
  "917": "T2-D450-S3",
  "918": "T2-D451-S2",
  "919": "T2-D452-S2",
  "920": "T2-D453-S2",
  "921": "T2-D454-S2",
  "922": "T2-D455-S2",
  "923": "T2-D456-S3",
  "924": "T2-D460-S3",
  "925": "T2-D461-S3",
  "926": "T2-D462-S3",
  "927": "T2-D463-S3",
  "928": "T2-D464-S3",
  "929": "T2-D465-S3",
  "930": "T2-D466-S3",
  "931": "T2-D500-S3",
  "932": "T2-D501-S3",
  "933": "T2-D502-S3",
  "934": "T2-D503-S3",
  "935": "T2-D504-S3",
  "936": "T2-D505-S3",
  "937": "T2-D506-S3",
  "938": "T2-D510-S3",
  "939": "T2-D511-S2",
  "940": "T2-D512-S2",
  "941": "T2-D513-S2",
  "942": "T2-D514-S2",
  "943": "T2-D515-S2",
  "944": "T2-D516-S3",
  "945": "T2-D520-S3",
  "946": "T2-D521-S2",
  "947": "T2-D522-S2",
  "948": "T2-D523-S2",
  "949": "T2-D524-S2",
  "950": "T2-D525-S2",
  "951": "T2-D526-S3",
  "952": "T2-D530-S3",
  "953": "T2-D531-S2",
  "954": "T2-D532-S2",
  "955": "T2-D533-S2",
  "956": "T2-D534-S2",
  "957": "T2-D535-S2",
  "958": "T2-D536-S3",
  "959": "T2-D540-S3",
  "960": "T2-D541-S2",
  "961": "T2-D542-S2",
  "962": "T2-D543-S2",
  "963": "T2-D544-S2",
  "964": "T2-D545-S2",
  "965": "T2-D546-S3",
  "966": "T2-D550-S3",
  "967": "T2-D551-S2",
  "968": "T2-D552-S2",
  "969": "T2-D553-S2",
  "970": "T2-D554-S2",
  "971": "T2-D555-S2",
  "972": "T2-D556-S3",
  "973": "T2-D560-S3",
  "974": "T2-D561-S3",
  "975": "T2-D562-S3",
  "976": "T2-D563-S3",
  "977": "T2-D564-S3",
  "978": "T2-D565-S3",
  "979": "T2-D566-S3",
  "980": "T2-D600-S3",
  "981": "T2-D601-S3",
  "982": "T2-D602-S3",
  "983": "T2-D603-S3",
  "984": "T2-D604-S3",
  "985": "T2-D605-S3",
  "986": "T2-D606-S3",
  "987": "T2-D610-S3",
  "988": "T2-D611-S3",
  "989": "T2-D612-S3",
  "990": "T2-D613-S3",
  "991": "T2-D614-S3",
  "992": "T2-D615-S3",
  "993": "T2-D616-S3",
  "994": "T2-D620-S3",
  "995": "T2-D621-S3",
  "996": "T2-D622-S3",
  "997": "T2-D623-S3",
  "998": "T2-D624-S3",
  "999": "T2-D625-S3",
  "1000": "T2-D626-S3",
  "1001": "T2-D630-S3",
  "1002": "T2-D631-S3",
  "1003": "T2-D632-S3",
  "1004": "T2-D633-S3",
  "1005": "T2-D634-S3",
  "1006": "T2-D635-S3",
  "1007": "T2-D636-S3",
  "1008": "T2-D640-S3",
  "1009": "T2-D641-S3",
  "1010": "T2-D642-S3",
  "1011": "T2-D643-S3",
  "1012": "T2-D644-S3",
  "1013": "T2-D645-S3",
  "1014": "T2-D646-S3",
  "1015": "T2-D650-S3",
  "1016": "T2-D651-S3",
  "1017": "T2-D652-S3",
  "1018": "T2-D653-S3",
  "1019": "T2-D654-S3",
  "1020": "T2-D655-S3",
  "1021": "T2-D656-S3",
  "1022": "T2-D660-S3",
  "1023": "T2-D661-S3",
  "1024": "T2-D662-S3",
  "1025": "T2-D663-S3",
  "1026": "T2-D664-S3",
  "1027": "T2-D665-S3",
  "1028": "T2-D666-S3"
}